unit,unit_annotation_score
0001795186--60bb5ced3c0032313869899f,"Counter({'beak': 0.9999948006640978, 'feet': 0.36793434248764767, 'primaries': 0.18395306587054075, 'belly': 0.18395181939502592, 'rump': 0.18395133315351758, 'iris': 0.1839505459090493, 'throat': 0.1839502791554618, 'flanks': 0.18394967352970956, 'tertials': 0.18394960025856186, 'tarsus': 0.1839491517083257, 'tibia': 0.18394881301506383, 'scapulars': 0.18394854626197185, 'head': 0.18394854626095938, 'breast': 0.18394854626069598, 'mantle': 0.18394854626050605, 'vent': 0.18394854626050605, 'wattle': 0.18394854626050605, 'eyestripe': 0.18394854626050605, 'lesser coverts': 2.3383429050059146e-06, 'coverts': 1.999648543223154e-06, 'thigh': 2.66753587496412e-07, 'pupil': 1.0996291378584434e-12, 'others': 2.973726283513804e-23, 'eye': 0.0, 'wing': 0.0, 'torso': 0.0, 'not head': 0.0, 'nape': 0.0, 'ear coverts': 0.0, 'chest': 0.0, 'skull': 0.0, 'body': 0.0, 'wings': 0.0, '1': 0.0})"
