worker,unit,judgment,job,duration,wqs,wwa,wsa,wqs_initial,wwa_initial,wsa_initial
651823d86c95572ca3c23001c44f90ea,1,1,1,170,0.9999999999999998,0.9999999999999998,1.0,0.33333334,0.33333334,1.0
ce58f3ca97ad6ebb5e7054c8fda87829,1,1,1,218,0.9999999799999998,0.9999999899999997,0.99999999,0.11111111496011294,0.19245009639654195,0.5773502691896258
8f629058a7238f0edfb4db983344c229,1,1,1,172,0.9999999799999996,0.9999999899999996,0.9999999899999998,0.1490712036639638,0.19245009639654195,0.7745966692414834
0c96cfab601296e33758f8626d842769,1,1,1,159,1.0000000000000001e-16,1e-08,1e-08,9.999999999999999e-17,9.999999999999999e-09,1e-08
24183df68dd77b6b65056590753ed634,1,1,1,112,1.0000000000000001e-16,1e-08,1e-08,9.999999999999999e-17,9.999999999999999e-09,1e-08
24dcc4a99624ffd9147b17fe7431627e,1,1,1,313,9.999999999999999e-17,9.999999999999999e-09,1e-08,9.999999999999999e-09,9.999999999999999e-09,1.0
fe1e879856d5401850b47132821d4b64,1,1,1,62,9.999999999999999e-17,9.999999999999999e-09,1e-08,9.999999999999999e-17,9.999999999999999e-09,1e-08
